Date,Product,Region,Customer_Type,Quantity,Price,Discount,Revenue
2024-10-05,Fiction,North,Student,3,52.51,0.16,132.33
2024-03-28,Fiction,East,Regular,2,92.19,0.11,164.1
2024-04-12,Textbooks,East,Student,7,92.21,0.08,593.83
2024-12-12,Non-Fiction,South,Regular,6,16.31,0.07,91.01
2024-07-28,Children's,East,Regular,13,59.57,0.23,596.3
2024-11-28,Children's,North,Regular,15,16.27,0.27,178.16
2024-04-25,Textbooks,North,Student,9,61.94,0.02,546.31
2024-04-28,Non-Fiction,West,Regular,11,99.88,0.01,1087.69
2024-06-29,Non-Fiction,West,Student,8,29.67,0.28,170.9
2024-08-03,Textbooks,South,Regular,1,13.76,0.1,12.38
2024-01-02,Non-Fiction,North,Regular,9,75.39,0.04,651.37
2024-09-03,Non-Fiction,East,Student,13,23.71,0.07,286.65
2024-10-19,Textbooks,West,Regular,7,90.94,0.12,560.19
2024-04-30,Non-Fiction,East,Student,15,64.32,0.12,849.02
2024-07-29,Fiction,East,Student,1,82.71,0.05,78.57
2024-12-23,Textbooks,South,Student,12,68.11,0.15,694.72
2024-12-15,Fiction,West,Regular,6,17.42,0.26,77.34
2024-02-02,Textbooks,South,Student,2,82.65,0.08,152.08
2024-03-06,Textbooks,South,Regular,8,56.71,0.13,394.7
2024-11-17,Non-Fiction,East,Student,4,63.91,0.16,214.74
2024-02-03,Textbooks,North,Student,7,17.36,0.06,114.23
2024-12-07,Fiction,East,Regular,3,97.27,0.03,283.06
2024-02-04,Fiction,West,Student,13,9.76,0.23,97.7
2024-07-09,Non-Fiction,South,Student,8,80.99,0.17,537.77
2024-09-07,Fiction,West,Regular,7,9.35,0.03,63.49
2024-11-03,Textbooks,West,Student,1,7.46,0.07,6.94
2024-03-18,Textbooks,North,Regular,15,90.11,0.28,973.19
2024-11-18,Children's,South,Student,8,97.92,0.13,681.52
2024-03-31,Non-Fiction,North,Student,11,59.36,0.17,541.96
2024-08-03,Fiction,North,Regular,13,74.23,0.12,849.19
2024-07-29,Children's,West,Student,11,6.26,0.18,56.47
2024-10-12,Fiction,North,Regular,15,88.55,0.01,1314.97
2024-04-15,Non-Fiction,North,Regular,2,56.76,0.21,89.68
2024-10-25,Fiction,North,Student,8,76.26,0.1,549.07
2024-04-07,Textbooks,West,Regular,5,76.79,0.11,341.72
2024-07-09,Textbooks,West,Regular,13,46.29,0.01,595.75
2024-10-01,Fiction,North,Student,2,35.75,0.1,64.35
2024-11-10,Non-Fiction,West,Student,15,25.29,0.14,326.24
2024-12-15,Non-Fiction,South,Student,9,64.61,0.23,447.75
2024-06-26,Children's,West,Student,10,11.35,0.14,97.61
2024-01-02,Non-Fiction,East,Regular,8,24.14,0.2,154.5
2024-02-08,Textbooks,East,Student,8,47.23,0.1,340.06
2024-01-07,Fiction,West,Regular,8,94.95,0.03,736.81
2024-07-29,Non-Fiction,West,Regular,7,35.52,0.29,176.53
2024-05-05,Children's,East,Student,3,55.98,0.1,151.15
2024-04-06,Children's,South,Regular,8,63.46,0.24,385.84
2024-10-26,Textbooks,North,Regular,5,20.22,0.04,97.06
2024-03-16,Fiction,South,Student,5,46.96,0.03,227.76
2024-04-17,Non-Fiction,South,Student,8,34.42,0.24,209.27
2024-09-20,Fiction,South,Regular,13,32.99,0.24,325.94
2024-06-24,Children's,South,Regular,15,51.3,0.03,746.42
2024-08-17,Textbooks,South,Student,4,93.33,0.24,283.72
2024-01-23,Non-Fiction,West,Student,14,89.68,0.05,1192.74
2024-07-01,Fiction,East,Regular,8,29.49,0.15,200.53
2024-05-30,Non-Fiction,West,Regular,5,55.02,0.29,195.32
2024-08-25,Children's,East,Regular,15,5.67,0.12,74.84
2024-04-09,Children's,West,Student,12,91.29,0.21,865.43
2024-07-30,Non-Fiction,South,Student,5,6.89,0.1,31.0
2024-11-29,Non-Fiction,South,Regular,3,98.41,0.13,256.85
2024-02-08,Textbooks,East,Student,13,68.52,0.21,703.7
2024-05-26,Non-Fiction,North,Regular,7,19.76,0.26,102.36
2024-10-29,Children's,East,Student,13,89.98,0.12,1029.37
2024-10-11,Textbooks,East,Student,7,41.57,0.2,232.79
2024-07-23,Non-Fiction,East,Student,5,30.55,0.07,142.06
2024-03-29,Fiction,East,Regular,8,84.01,0.3,470.46
2024-09-02,Fiction,West,Regular,5,13.4,0.0,67.0
2024-06-06,Fiction,East,Regular,3,65.0,0.16,163.8
2024-02-13,Children's,West,Student,10,34.69,0.06,326.09
2024-05-23,Non-Fiction,East,Student,6,45.75,0.12,241.56
2024-12-16,Fiction,North,Regular,12,13.89,0.23,128.34
2024-02-20,Children's,East,Regular,2,97.18,0.12,171.04
2024-08-07,Children's,East,Student,6,8.42,0.23,38.9
2024-01-31,Non-Fiction,South,Regular,7,99.63,0.22,543.98
2024-09-17,Fiction,East,Regular,15,64.45,0.12,850.74
2024-01-29,Fiction,North,Regular,3,58.38,0.0,175.14
2024-02-08,Children's,South,Regular,7,17.83,0.02,122.31
2024-12-13,Textbooks,North,Student,8,36.84,0.26,218.09
2024-03-26,Textbooks,South,Regular,15,21.6,0.0,324.0
2024-12-31,Textbooks,West,Student,4,19.16,0.3,53.65
2024-03-06,Children's,East,Regular,15,71.36,0.13,931.25
2024-09-08,Textbooks,West,Student,7,57.49,0.06,378.28
2024-05-10,Non-Fiction,South,Regular,9,38.06,0.19,277.46
2024-12-21,Fiction,West,Student,3,77.11,0.02,226.7
2024-09-29,Textbooks,South,Regular,4,28.47,0.17,94.52
2024-01-15,Children's,West,Regular,15,23.77,0.21,281.67
2024-04-25,Fiction,East,Regular,4,5.37,0.29,15.25
2024-05-22,Children's,South,Student,4,15.8,0.14,54.35
2024-04-14,Children's,North,Student,10,87.24,0.25,654.3
2024-06-23,Non-Fiction,North,Student,15,80.17,0.1,1082.3
2024-07-09,Fiction,North,Student,15,69.3,0.1,935.55
2024-05-11,Children's,West,Student,10,43.0,0.01,425.7
2024-01-07,Textbooks,West,Regular,11,47.3,0.26,385.02
2024-08-31,Fiction,North,Regular,6,74.66,0.19,362.85
2024-02-20,Fiction,North,Regular,10,62.59,0.18,513.24
2024-10-26,Non-Fiction,West,Student,11,8.48,0.12,82.09
2024-02-07,Textbooks,North,Regular,2,38.14,0.17,63.31
2024-01-01,Fiction,East,Student,15,63.29,0.17,787.96
2024-05-01,Textbooks,East,Regular,3,52.97,0.14,136.66
2024-04-05,Textbooks,East,Student,12,35.45,0.23,327.56
2024-05-11,Textbooks,North,Regular,6,38.7,0.16,195.05
2024-06-23,Textbooks,West,Student,5,30.98,0.11,137.86
2024-02-19,Textbooks,North,Regular,11,75.58,0.14,714.99
2024-04-11,Non-Fiction,South,Student,15,83.47,0.06,1176.93
2024-07-25,Children's,East,Student,10,35.45,0.28,255.24
2024-01-12,Non-Fiction,East,Regular,12,33.33,0.11,355.96
2024-09-21,Fiction,North,Regular,13,48.98,0.29,452.09
2024-05-31,Non-Fiction,South,Regular,11,8.41,0.11,82.33
2024-01-19,Non-Fiction,North,Regular,1,11.04,0.29,7.84
2024-07-29,Non-Fiction,North,Student,7,47.48,0.18,272.54
2024-02-23,Non-Fiction,North,Regular,14,18.2,0.15,216.58
2024-07-06,Fiction,West,Regular,5,32.18,0.14,138.37
2024-02-26,Non-Fiction,North,Regular,3,55.54,0.24,126.63
2024-03-12,Non-Fiction,West,Regular,5,43.74,0.24,166.21
2024-06-01,Children's,North,Student,4,69.93,0.07,260.14
2024-08-11,Fiction,South,Student,12,32.43,0.18,319.11
2024-01-09,Children's,North,Student,14,15.01,0.0,210.14
2024-11-22,Textbooks,East,Regular,10,85.77,0.1,771.93
2024-07-23,Fiction,West,Student,13,84.21,0.17,908.63
2024-01-03,Fiction,West,Student,13,69.8,0.06,852.96
2024-10-14,Fiction,West,Regular,7,93.81,0.2,525.34
2024-06-03,Non-Fiction,South,Student,11,9.55,0.05,99.8
2024-08-25,Children's,East,Regular,15,30.41,0.3,319.3
2024-06-24,Fiction,North,Regular,14,10.87,0.25,114.14
2024-12-12,Non-Fiction,East,Regular,13,99.43,0.18,1059.92
2024-04-04,Fiction,East,Student,12,12.48,0.16,125.8
2024-09-30,Non-Fiction,West,Student,11,26.14,0.11,255.91
2024-12-22,Children's,North,Regular,7,7.14,0.16,41.98
2024-08-31,Children's,West,Student,12,17.0,0.14,175.44
2024-08-25,Textbooks,South,Regular,9,94.13,0.26,626.91
2024-04-27,Non-Fiction,East,Student,14,32.59,0.18,374.13
2024-02-04,Fiction,North,Student,6,17.37,0.04,100.05
2024-07-03,Textbooks,East,Regular,13,22.11,0.22,224.2
2024-09-14,Non-Fiction,North,Student,13,19.26,0.15,212.82
2024-06-04,Fiction,North,Regular,9,54.73,0.13,428.54
2024-06-11,Children's,North,Student,5,88.36,0.06,415.29
2024-03-20,Textbooks,East,Student,11,67.96,0.13,650.38
2024-12-05,Children's,South,Student,11,58.98,0.19,525.51
2024-04-25,Children's,West,Student,15,78.01,0.22,912.72
2024-09-13,Textbooks,West,Student,8,76.6,0.09,557.65
2024-11-09,Non-Fiction,South,Student,5,59.89,0.19,242.55
2024-11-29,Textbooks,North,Student,14,69.64,0.04,935.96
2024-09-23,Textbooks,South,Student,4,30.66,0.16,103.02
2024-09-26,Fiction,South,Student,15,95.65,0.14,1233.88
2024-09-18,Textbooks,North,Student,13,11.88,0.11,137.45
2024-12-09,Non-Fiction,West,Student,14,69.86,0.15,831.33
2024-09-16,Fiction,East,Regular,6,60.23,0.27,263.81
2024-03-02,Children's,East,Regular,11,85.31,0.02,919.64
2024-01-14,Children's,North,Student,14,72.84,0.18,836.2
2024-12-03,Textbooks,East,Student,7,88.46,0.09,563.49
2024-03-15,Non-Fiction,North,Regular,2,15.17,0.25,22.76
2024-07-23,Non-Fiction,South,Regular,2,76.58,0.15,130.19
2024-01-11,Fiction,South,Regular,11,6.54,0.18,58.99
2024-02-28,Non-Fiction,East,Student,10,25.29,0.21,199.79
2024-05-05,Non-Fiction,East,Regular,13,17.23,0.22,174.71
2024-06-07,Non-Fiction,South,Student,11,18.54,0.16,171.31
2024-01-10,Non-Fiction,West,Regular,15,57.33,0.28,619.16
2024-02-27,Children's,South,Regular,13,62.17,0.17,670.81
2024-02-04,Fiction,North,Student,10,66.82,0.14,574.65
2024-10-22,Fiction,East,Regular,3,91.0,0.1,245.7
2024-04-21,Fiction,North,Student,7,42.51,0.23,229.13
2024-01-03,Children's,North,Student,3,95.31,0.22,223.03
2024-03-23,Textbooks,East,Regular,7,29.22,0.29,145.22
2024-08-30,Children's,South,Regular,6,17.44,0.29,74.29
2024-09-17,Non-Fiction,East,Regular,6,94.52,0.07,527.42
2024-05-07,Non-Fiction,East,Student,5,34.61,0.04,166.13
2024-06-14,Children's,South,Student,12,45.23,0.23,417.93
2024-05-23,Non-Fiction,South,Student,9,59.82,0.1,484.54
2024-11-01,Non-Fiction,East,Student,2,8.17,0.09,14.87
2024-08-01,Children's,East,Student,15,76.56,0.11,1022.08
2024-10-18,Textbooks,North,Student,7,78.83,0.06,518.7
2024-04-21,Fiction,South,Regular,2,67.31,0.24,102.31
2024-06-20,Children's,East,Regular,9,10.85,0.08,89.84
2024-11-21,Children's,East,Student,5,50.12,0.2,200.48
2024-07-08,Children's,East,Regular,5,36.85,0.04,176.88
2024-03-04,Textbooks,West,Student,7,58.2,0.22,317.77
2024-03-04,Children's,South,Regular,12,91.41,0.13,954.32
2024-06-14,Textbooks,East,Regular,12,99.31,0.26,881.87
2024-06-26,Textbooks,South,Regular,2,16.7,0.08,30.73
2024-12-27,Children's,East,Student,3,82.37,0.24,187.8
2024-09-08,Non-Fiction,North,Regular,7,75.27,0.07,490.01
2024-10-16,Non-Fiction,West,Student,14,79.71,0.19,903.91
2024-03-08,Children's,North,Student,2,97.45,0.04,187.1
2024-11-01,Non-Fiction,East,Student,5,12.3,0.07,57.19
2024-04-28,Non-Fiction,South,Regular,13,97.63,0.15,1078.81
2024-07-26,Fiction,East,Regular,11,25.85,0.15,241.7
2024-07-12,Non-Fiction,East,Student,8,25.73,0.11,183.2
2024-08-15,Fiction,West,Regular,14,67.14,0.06,883.56
2024-09-23,Non-Fiction,North,Student,9,88.89,0.22,624.01
2024-01-12,Fiction,West,Regular,14,77.56,0.2,868.67
2024-04-28,Fiction,North,Student,6,26.68,0.21,126.46
2024-03-25,Fiction,West,Regular,2,17.42,0.02,34.14
2024-07-13,Non-Fiction,South,Student,7,71.63,0.1,451.27
2024-07-05,Fiction,South,Regular,5,89.41,0.0,447.05
2024-06-14,Non-Fiction,East,Student,3,83.07,0.05,236.75
2024-10-24,Textbooks,West,Student,15,65.83,0.19,799.83
2024-04-13,Non-Fiction,West,Regular,11,54.35,0.09,544.04
2024-06-03,Textbooks,North,Regular,11,48.3,0.07,494.11
2024-03-22,Children's,West,Student,15,92.92,0.23,1073.23
2024-08-06,Textbooks,North,Student,7,36.75,0.21,203.23
2024-07-20,Fiction,South,Regular,11,39.52,0.2,347.78
2024-07-29,Fiction,East,Regular,5,78.04,0.27,284.85
2024-04-21,Textbooks,West,Student,3,51.99,0.04,149.73
2024-06-13,Textbooks,North,Regular,2,23.97,0.15,40.75
2024-12-16,Fiction,East,Student,14,5.06,0.29,50.3
2024-03-02,Children's,North,Student,11,63.25,0.03,674.88
2024-03-04,Non-Fiction,South,Student,14,53.04,0.3,519.79
2024-06-22,Fiction,West,Regular,3,90.32,0.29,192.38
2024-09-06,Fiction,East,Student,6,34.91,0.17,173.85
2024-02-02,Children's,South,Regular,6,78.56,0.24,358.23
2024-06-26,Fiction,South,Student,5,87.9,0.02,430.71
2024-07-15,Fiction,West,Regular,5,75.98,0.05,360.9
2024-01-03,Non-Fiction,South,Regular,13,92.52,0.15,1022.35
2024-08-02,Non-Fiction,South,Student,14,12.97,0.16,152.53
2024-09-09,Non-Fiction,South,Regular,3,44.13,0.28,95.32
2024-09-20,Children's,South,Student,10,52.13,0.19,422.25
2024-05-09,Fiction,North,Regular,15,54.35,0.0,815.25
2024-02-21,Children's,East,Regular,3,64.91,0.07,181.1
2024-11-17,Children's,East,Student,15,13.95,0.2,167.4
2024-07-13,Fiction,South,Student,4,57.66,0.12,202.96
2024-04-12,Non-Fiction,West,Student,10,15.47,0.12,136.14
2024-03-07,Fiction,South,Regular,10,10.18,0.08,93.66
2024-08-19,Fiction,West,Regular,4,79.23,0.13,275.72
2024-01-02,Non-Fiction,East,Student,12,78.93,0.21,748.26
2024-06-17,Fiction,South,Regular,2,98.98,0.21,156.39
2024-09-04,Children's,North,Student,10,69.62,0.2,556.96
2024-07-25,Non-Fiction,South,Regular,4,56.11,0.19,181.8
2024-09-09,Non-Fiction,North,Regular,2,26.49,0.17,43.97
2024-09-05,Textbooks,South,Regular,10,73.35,0.3,513.45
2024-05-31,Non-Fiction,East,Regular,7,68.86,0.02,472.38
2024-09-22,Textbooks,North,Regular,11,38.16,0.26,310.62
2024-04-14,Children's,West,Regular,1,66.29,0.17,55.02
2024-10-01,Non-Fiction,North,Student,15,57.03,0.16,718.58
2024-12-03,Non-Fiction,South,Regular,15,29.67,0.02,436.15
2024-08-26,Textbooks,West,Regular,5,31.87,0.18,130.67
2024-06-16,Textbooks,South,Regular,13,34.82,0.09,411.92
2024-06-06,Fiction,South,Regular,9,24.4,0.09,199.84
2024-08-04,Fiction,South,Regular,14,33.56,0.24,357.08
2024-07-06,Textbooks,South,Regular,7,30.89,0.04,207.58
2024-01-01,Textbooks,North,Regular,7,75.15,0.14,452.4
2024-12-23,Non-Fiction,North,Regular,8,33.66,0.25,201.96
2024-11-14,Fiction,West,Regular,15,40.18,0.14,518.32
2024-02-27,Non-Fiction,North,Student,5,91.25,0.25,342.19
2024-04-24,Fiction,West,Regular,10,89.75,0.21,709.02
2024-10-29,Non-Fiction,North,Student,4,79.62,0.12,280.26
2024-06-04,Textbooks,West,Regular,4,55.33,0.14,190.34
2024-04-25,Children's,South,Regular,4,63.57,0.15,216.14
2024-01-29,Non-Fiction,South,Regular,9,58.45,0.2,420.84
2024-04-27,Textbooks,South,Regular,9,83.71,0.14,647.92
2024-04-19,Non-Fiction,East,Student,15,58.82,0.13,767.6
2024-11-19,Fiction,West,Regular,15,9.58,0.18,117.83
2024-12-02,Children's,West,Regular,13,50.71,0.15,560.35
2024-07-12,Fiction,East,Student,2,67.36,0.18,110.47
2024-02-22,Children's,East,Regular,12,69.85,0.09,762.76
2024-09-12,Textbooks,West,Student,13,35.62,0.06,435.28
2024-12-04,Textbooks,East,Student,2,98.46,0.11,175.26
2024-04-07,Non-Fiction,East,Student,4,12.32,0.23,37.95
2024-08-16,Non-Fiction,South,Student,3,74.32,0.05,211.81
2024-07-03,Fiction,East,Student,12,58.36,0.01,693.32
2024-10-26,Non-Fiction,South,Regular,11,74.71,0.12,723.19
2024-10-15,Textbooks,East,Regular,2,6.16,0.14,10.6
2024-09-27,Textbooks,South,Regular,7,95.18,0.15,566.32
2024-05-27,Fiction,East,Regular,12,67.17,0.09,733.5
2024-07-06,Non-Fiction,North,Regular,8,28.98,0.12,204.02
2024-05-17,Fiction,West,Student,10,8.01,0.03,77.7
2024-11-06,Children's,East,Student,6,79.8,0.12,421.34
2024-06-08,Textbooks,South,Student,2,71.25,0.16,119.7
2024-04-05,Children's,South,Regular,13,37.62,0.2,391.25
2024-12-31,Non-Fiction,South,Regular,6,84.2,0.27,368.8
2024-06-11,Children's,West,Regular,9,61.19,0.12,484.62
2024-06-03,Non-Fiction,West,Regular,7,48.0,0.16,282.24
2024-08-28,Children's,South,Regular,15,14.48,0.01,215.03
2024-04-06,Children's,West,Student,2,47.47,0.09,86.4
2024-01-16,Fiction,West,Student,3,45.81,0.13,119.56
2024-04-16,Fiction,North,Student,4,95.94,0.01,379.92
2024-10-28,Non-Fiction,West,Student,11,97.86,0.28,775.05
2024-07-10,Non-Fiction,West,Regular,2,7.7,0.15,13.09
2024-05-10,Fiction,East,Student,13,99.74,0.17,1076.19
2024-07-03,Children's,East,Student,7,21.02,0.23,113.3
2024-03-11,Non-Fiction,West,Regular,15,81.41,0.03,1184.52
2024-09-28,Children's,South,Regular,15,89.04,0.12,1175.33
2024-03-31,Textbooks,South,Student,11,52.96,0.07,541.78
2024-09-02,Children's,North,Regular,9,66.08,0.13,517.41
2024-10-15,Textbooks,West,Student,8,72.48,0.1,521.86
2024-01-23,Textbooks,North,Student,2,86.93,0.22,135.61
2024-04-24,Non-Fiction,East,Regular,7,35.93,0.23,193.66
2024-12-04,Fiction,East,Regular,9,68.51,0.06,579.59
2024-09-12,Non-Fiction,South,Regular,1,59.7,0.26,44.18
2024-10-10,Children's,South,Regular,4,80.22,0.15,272.75
2024-03-11,Non-Fiction,South,Regular,1,89.84,0.11,79.96
2024-05-21,Children's,East,Regular,1,43.36,0.12,38.16
2024-11-12,Children's,East,Student,3,8.2,0.21,19.43
2024-04-10,Textbooks,North,Student,15,80.99,0.15,1032.62
2024-06-15,Fiction,East,Regular,4,34.29,0.15,116.59
2024-01-01,Fiction,North,Regular,10,90.29,0.01,893.87
2024-04-16,Fiction,South,Student,3,59.18,0.24,134.93
2024-05-13,Textbooks,West,Regular,9,14.52,0.21,103.24
2024-10-01,Textbooks,East,Regular,7,25.46,0.16,149.7
2024-06-02,Non-Fiction,South,Student,2,69.2,0.19,112.1
2024-04-30,Non-Fiction,South,Student,1,90.39,0.18,74.12
2024-05-13,Fiction,South,Regular,11,98.29,0.17,897.39
2024-01-16,Textbooks,East,Student,2,82.06,0.04,157.56
2024-06-23,Textbooks,South,Regular,4,6.88,0.11,24.49
2024-05-05,Textbooks,West,Student,8,48.25,0.22,301.08
2024-03-21,Children's,North,Student,15,21.02,0.17,261.7
2024-08-01,Fiction,South,Student,4,40.37,0.27,117.88
2024-12-09,Textbooks,North,Regular,13,80.5,0.03,1015.1
2024-12-15,Textbooks,East,Regular,5,25.71,0.28,92.56
2024-08-31,Children's,West,Regular,1,90.39,0.06,84.97
2024-05-02,Children's,North,Student,15,6.73,0.12,88.84
2024-07-06,Non-Fiction,North,Regular,11,72.84,0.22,624.97
2024-11-27,Non-Fiction,North,Regular,8,26.65,0.3,149.24
2024-05-05,Textbooks,East,Student,6,29.06,0.09,158.67
2024-09-04,Fiction,West,Student,15,7.17,0.02,105.4
2024-08-21,Fiction,East,Regular,4,84.01,0.25,252.03
2024-01-02,Children's,West,Regular,10,17.18,0.27,125.41
2024-05-25,Non-Fiction,South,Student,1,67.84,0.13,59.02
2024-05-09,Textbooks,East,Student,2,83.88,0.1,150.98
2024-12-26,Children's,South,Student,8,52.45,0.25,314.7
2024-04-17,Children's,West,Student,7,93.27,0.13,568.01
2024-08-28,Textbooks,East,Student,2,9.27,0.19,15.02
2024-02-17,Children's,East,Regular,4,49.61,0.1,178.6
2024-01-25,Non-Fiction,South,Regular,11,91.22,0.23,772.63
2024-09-04,Non-Fiction,North,Student,14,79.0,0.28,796.32
2024-06-09,Children's,West,Student,14,89.98,0.29,894.4
2024-03-09,Textbooks,South,Student,8,50.72,0.11,361.13
2024-01-01,Textbooks,North,Regular,13,23.86,0.25,232.64
2024-03-13,Textbooks,South,Student,15,38.78,0.07,540.98
2024-05-16,Fiction,North,Regular,8,8.08,0.04,62.05
2024-01-14,Textbooks,North,Regular,8,46.1,0.07,342.98
2024-03-24,Children's,East,Student,13,33.18,0.19,349.39
2024-10-07,Textbooks,North,Regular,5,96.5,0.1,434.25
2024-12-31,Non-Fiction,West,Regular,2,69.54,0.04,133.52
2024-02-16,Fiction,South,Regular,15,34.58,0.05,492.76
2024-01-23,Textbooks,North,Regular,11,8.31,0.01,90.5
2024-04-18,Children's,North,Regular,4,95.32,0.1,343.15
2024-03-28,Textbooks,West,Student,6,16.29,0.09,88.94
2024-10-02,Textbooks,South,Regular,14,25.41,0.2,284.59
2024-04-05,Textbooks,North,Regular,8,92.96,0.13,647.0
2024-10-27,Fiction,South,Regular,7,7.07,0.14,42.56
2024-03-09,Non-Fiction,North,Regular,12,76.81,0.21,728.16
2024-06-04,Children's,North,Regular,11,79.89,0.07,817.27
2024-06-27,Fiction,West,Regular,4,9.49,0.05,36.06
2024-04-19,Non-Fiction,North,Student,11,12.56,0.12,121.58
2024-03-16,Children's,West,Regular,4,59.7,0.09,217.31
2024-03-01,Non-Fiction,North,Regular,14,96.45,0.28,972.22
2024-08-07,Fiction,West,Regular,13,51.07,0.28,478.02
2024-10-14,Textbooks,South,Student,10,84.03,0.07,781.48
2024-02-01,Textbooks,North,Regular,5,43.1,0.27,157.32
2024-05-09,Non-Fiction,East,Regular,6,71.53,0.19,347.64
2024-03-02,Fiction,North,Student,10,84.53,0.18,693.15
2024-05-31,Non-Fiction,West,Regular,5,88.69,0.11,394.67
2024-12-24,Textbooks,West,Regular,2,30.86,0.22,48.14
2024-03-18,Non-Fiction,East,Student,6,53.03,0.02,311.82
2024-06-09,Children's,West,Regular,15,29.45,0.13,384.32
2024-12-31,Fiction,South,Student,4,10.06,0.13,35.01
2024-07-16,Textbooks,West,Student,15,45.29,0.23,523.1
2024-07-30,Children's,West,Student,9,73.19,0.26,487.45
2024-08-13,Children's,East,Regular,5,33.46,0.29,118.78
2024-10-17,Textbooks,West,Student,13,45.25,0.15,500.01
2024-01-13,Children's,North,Regular,9,33.84,0.06,286.29
2024-08-10,Fiction,West,Regular,5,52.41,0.29,186.06
2024-07-22,Non-Fiction,South,Regular,6,27.25,0.06,153.69
2024-06-23,Non-Fiction,East,Regular,11,72.6,0.14,686.8
2024-01-13,Non-Fiction,East,Student,7,7.78,0.06,51.19
2024-09-22,Non-Fiction,South,Regular,8,10.73,0.15,72.96
2024-12-01,Textbooks,South,Regular,6,62.02,0.11,331.19
2024-03-24,Fiction,West,Student,1,34.06,0.15,28.95
2024-07-14,Fiction,West,Regular,5,44.56,0.29,158.19
2024-11-06,Textbooks,North,Student,14,29.48,0.22,321.92
2024-08-10,Non-Fiction,North,Student,11,54.21,0.04,572.46
2024-05-28,Fiction,North,Student,3,89.03,0.24,202.99
2024-12-25,Textbooks,North,Regular,13,35.99,0.0,467.87
2024-11-06,Children's,East,Regular,9,37.53,0.24,256.71
2024-06-08,Textbooks,East,Student,7,81.88,0.23,441.33
2024-12-14,Non-Fiction,West,Regular,9,60.83,0.03,531.05
2024-09-26,Non-Fiction,West,Regular,10,99.37,0.17,824.77
2024-07-29,Children's,West,Student,3,25.75,0.05,73.39
2024-11-09,Non-Fiction,West,Regular,2,15.7,0.18,25.75
2024-06-28,Textbooks,East,Student,6,69.82,0.08,385.41
2024-09-11,Textbooks,West,Student,11,39.61,0.1,392.14
2024-07-16,Textbooks,North,Student,9,44.06,0.09,360.85
2024-08-15,Non-Fiction,South,Student,11,56.79,0.04,599.7
2024-07-08,Children's,East,Regular,1,34.99,0.07,32.54
2024-04-24,Fiction,West,Regular,8,68.09,0.06,512.04
2024-06-23,Children's,East,Student,7,44.47,0.17,258.37
2024-10-05,Fiction,West,Student,1,49.62,0.23,38.21
2024-05-13,Non-Fiction,West,Regular,12,48.25,0.16,486.36
2024-01-19,Children's,North,Student,12,95.94,0.15,978.59
2024-08-24,Non-Fiction,East,Regular,1,32.2,0.09,29.3
2024-08-19,Children's,West,Regular,14,98.59,0.22,1076.6
2024-12-19,Non-Fiction,North,Student,5,97.84,0.01,484.31
2024-06-16,Non-Fiction,West,Regular,13,84.33,0.02,1074.36
2024-04-10,Non-Fiction,South,Student,3,99.3,0.03,288.96
2024-03-30,Children's,East,Student,6,11.37,0.18,55.94
2024-12-23,Non-Fiction,South,Regular,2,17.79,0.27,25.97
2024-06-20,Fiction,West,Regular,15,7.05,0.04,101.52
2024-08-21,Fiction,South,Student,3,40.94,0.12,108.08
2024-06-11,Fiction,East,Student,15,45.89,0.24,523.15
2024-01-15,Non-Fiction,South,Regular,3,45.91,0.3,96.41
2024-11-23,Children's,East,Regular,3,64.55,0.27,141.36
2024-07-21,Children's,West,Regular,15,90.98,0.05,1296.46
2024-07-23,Fiction,North,Regular,9,69.34,0.25,468.05
2024-04-07,Textbooks,West,Regular,3,18.94,0.28,40.91
2024-09-20,Textbooks,South,Regular,3,43.35,0.19,105.34
2024-03-03,Fiction,South,Regular,8,61.79,0.01,489.38
2024-03-23,Non-Fiction,South,Regular,5,53.71,0.08,247.07
2024-05-11,Children's,West,Student,13,52.13,0.15,576.04
2024-12-22,Fiction,South,Student,2,60.89,0.13,105.95
2024-03-15,Fiction,West,Regular,7,7.04,0.04,47.31
2024-01-03,Textbooks,North,Regular,1,58.37,0.09,53.12
2024-01-13,Children's,South,Regular,8,49.95,0.19,323.68
2024-09-21,Textbooks,North,Regular,15,26.29,0.28,283.93
2024-04-25,Textbooks,North,Student,9,76.38,0.28,494.94
2024-11-15,Fiction,West,Student,6,65.12,0.07,363.37
2024-08-05,Children's,East,Student,15,46.13,0.21,546.64
2024-04-24,Children's,North,Student,2,22.65,0.21,35.79
2024-07-27,Non-Fiction,South,Student,11,86.06,0.21,747.86
2024-04-29,Non-Fiction,West,Regular,12,74.48,0.0,893.76
2024-07-15,Children's,West,Regular,10,56.54,0.16,474.94
2024-11-23,Children's,East,Regular,12,46.47,0.13,485.15
2024-05-30,Children's,West,Student,6,25.7,0.14,132.61
2024-11-27,Textbooks,North,Regular,10,67.33,0.23,518.44
2024-03-18,Fiction,South,Student,2,98.5,0.2,157.6
2024-06-17,Textbooks,West,Student,10,60.65,0.29,430.61
2024-08-02,Children's,West,Regular,8,64.39,0.2,412.1
2024-07-22,Fiction,East,Student,8,67.63,0.18,443.65
2024-12-13,Textbooks,North,Regular,12,35.54,0.27,311.33
2024-05-29,Non-Fiction,South,Regular,10,10.55,0.26,78.07
2024-05-29,Textbooks,North,Regular,14,19.5,0.01,270.27
2024-07-07,Textbooks,East,Student,15,99.87,0.09,1363.23
2024-09-16,Textbooks,East,Student,6,31.98,0.12,168.85
2024-12-24,Children's,North,Regular,5,22.62,0.05,107.44
2024-08-10,Non-Fiction,East,Regular,13,68.82,0.01,885.71
2024-08-09,Children's,East,Regular,2,59.19,0.04,113.64
2024-12-26,Non-Fiction,North,Student,9,18.43,0.03,160.89
2024-05-24,Non-Fiction,South,Student,5,79.91,0.01,395.55
2024-02-28,Non-Fiction,East,Student,2,72.94,0.12,128.37
2024-11-08,Textbooks,East,Regular,8,33.94,0.02,266.09
2024-02-10,Children's,East,Regular,2,14.37,0.18,23.57
2024-06-02,Non-Fiction,South,Regular,12,94.09,0.1,1016.17
2024-10-05,Textbooks,South,Student,11,84.79,0.15,792.79
2024-04-08,Fiction,North,Student,3,34.02,0.2,81.65
2024-03-17,Children's,West,Student,11,76.67,0.05,801.2
2024-10-04,Fiction,North,Regular,1,54.15,0.27,39.53
2024-04-08,Fiction,North,Student,8,40.88,0.14,281.25
2024-03-10,Children's,West,Regular,13,67.1,0.06,819.96
2024-07-17,Textbooks,South,Regular,11,97.32,0.12,942.06
2024-06-01,Children's,East,Regular,1,21.55,0.11,19.18
2024-12-28,Fiction,South,Student,12,92.91,0.24,847.34
2024-03-14,Fiction,East,Regular,9,27.81,0.1,225.26
2024-10-23,Fiction,North,Regular,6,12.79,0.04,73.67
2024-06-16,Fiction,East,Student,4,84.79,0.01,335.77
2024-07-19,Children's,South,Regular,15,13.04,0.08,179.95
2024-07-17,Textbooks,West,Regular,5,91.5,0.01,452.92
2024-06-19,Children's,North,Student,1,89.48,0.23,68.9
2024-09-04,Textbooks,North,Student,14,18.75,0.05,249.38
2024-02-05,Textbooks,East,Student,10,54.23,0.1,488.07
2024-03-24,Fiction,South,Regular,2,79.48,0.26,117.63
2024-01-26,Fiction,North,Student,11,48.75,0.08,493.35
2024-06-08,Textbooks,East,Regular,15,85.66,0.24,976.52
2024-08-26,Textbooks,North,Student,2,6.32,0.18,10.36
2024-11-11,Non-Fiction,South,Regular,4,96.19,0.14,330.89
2024-01-28,Textbooks,North,Student,15,84.5,0.19,1026.68
2024-10-15,Non-Fiction,West,Regular,15,73.28,0.25,824.4
2024-07-06,Textbooks,South,Regular,15,70.29,0.09,959.46
2024-10-01,Non-Fiction,West,Student,8,96.42,0.26,570.81
2024-05-07,Non-Fiction,North,Regular,6,41.27,0.26,183.24
2024-03-18,Non-Fiction,North,Student,15,51.25,0.29,545.81
2024-10-01,Fiction,South,Regular,1,49.43,0.13,43.0
2024-08-28,Textbooks,North,Regular,4,8.11,0.24,24.65
2024-11-23,Fiction,South,Student,11,52.94,0.24,442.58
2024-04-25,Fiction,East,Student,12,36.41,0.25,327.69
2024-08-03,Fiction,South,Regular,14,83.7,0.03,1136.65
2024-03-17,Children's,North,Student,10,21.13,0.16,177.49
2024-07-03,Fiction,South,Student,12,59.86,0.2,574.66
2024-04-20,Textbooks,East,Student,3,45.04,0.14,116.2
2024-11-09,Children's,South,Regular,13,35.32,0.2,367.33
2024-06-10,Textbooks,East,Student,7,30.0,0.21,165.9
2024-05-06,Children's,South,Student,11,18.89,0.19,168.31
2024-06-06,Children's,East,Student,11,46.28,0.08,468.35
2024-02-06,Fiction,East,Regular,9,60.98,0.16,461.01
2024-08-12,Non-Fiction,South,Regular,7,40.14,0.28,202.31
2024-02-28,Non-Fiction,South,Student,10,45.76,0.15,388.96
2024-07-18,Textbooks,West,Student,1,8.84,0.1,7.96
2024-07-17,Textbooks,East,Student,4,77.66,0.28,223.66
2024-06-26,Children's,East,Regular,12,64.69,0.13,675.36
2024-06-14,Children's,North,Student,1,70.48,0.2,56.38
2024-06-01,Children's,East,Regular,2,90.52,0.08,166.56
2024-05-10,Fiction,East,Student,6,15.02,0.21,71.19
2024-06-17,Fiction,West,Student,5,40.67,0.02,199.28
2024-09-05,Non-Fiction,East,Regular,13,47.77,0.03,602.38
2024-11-20,Non-Fiction,South,Regular,10,15.02,0.11,133.68
2024-08-18,Children's,East,Student,2,95.44,0.01,188.97
2024-04-20,Children's,West,Student,10,60.09,0.13,522.78
2024-05-14,Fiction,South,Regular,9,16.12,0.25,108.81
2024-03-31,Non-Fiction,South,Regular,7,35.96,0.29,178.72
2024-05-16,Fiction,North,Student,11,96.18,0.23,814.64
2024-12-26,Children's,South,Student,2,16.63,0.14,28.6
2024-09-20,Non-Fiction,West,Regular,15,67.32,0.14,868.43
2024-12-26,Non-Fiction,West,Regular,3,33.75,0.15,86.06
2024-09-05,Textbooks,North,Regular,11,15.19,0.14,143.7
2024-02-21,Fiction,North,Student,13,28.32,0.21,290.85
2024-11-23,Children's,North,Student,5,17.69,0.11,78.72
2024-10-27,Children's,East,Student,6,61.16,0.07,341.27
2024-10-27,Non-Fiction,South,Student,13,86.76,0.07,1048.93
2024-09-21,Children's,North,Student,14,66.05,0.21,730.51
2024-01-16,Children's,South,Regular,11,77.75,0.25,641.44
2024-08-06,Textbooks,West,Regular,9,24.56,0.05,209.99
2024-03-31,Non-Fiction,West,Regular,11,66.02,0.26,537.4
2024-03-13,Textbooks,South,Regular,15,31.78,0.03,462.4
2024-03-14,Non-Fiction,West,Student,8,95.52,0.06,718.31
2024-02-07,Non-Fiction,North,Regular,7,10.86,0.14,65.38
2024-08-29,Fiction,West,Regular,7,94.78,0.04,636.92
2024-07-10,Children's,South,Student,12,17.01,0.19,165.34
2024-10-09,Non-Fiction,East,Student,9,56.68,0.03,494.82
2024-11-26,Children's,East,Student,12,77.16,0.3,648.14
2024-03-08,Children's,East,Student,6,13.07,0.27,57.25
2024-02-26,Textbooks,South,Regular,10,46.94,0.07,436.54
2024-04-12,Textbooks,West,Regular,14,68.57,0.0,959.98
2024-01-07,Children's,North,Student,14,17.4,0.1,219.24
2024-10-08,Non-Fiction,South,Regular,6,83.7,0.19,406.78
2024-03-28,Fiction,South,Regular,13,96.78,0.09,1144.91
2024-12-05,Textbooks,West,Regular,8,41.35,0.09,301.03
2024-10-23,Non-Fiction,North,Regular,15,8.02,0.28,86.62
2024-08-20,Fiction,North,Regular,6,15.87,0.11,84.75
2024-10-22,Fiction,East,Regular,12,21.47,0.15,218.99
2024-04-21,Fiction,South,Student,15,80.25,0.03,1167.64
2024-12-28,Non-Fiction,West,Student,15,80.45,0.09,1098.14
2024-04-16,Children's,West,Regular,10,59.43,0.17,493.27
2024-05-13,Non-Fiction,South,Student,9,86.07,0.26,573.23
2024-07-28,Fiction,South,Student,2,15.89,0.29,22.56
2024-01-15,Children's,West,Student,2,57.35,0.04,110.11
2024-03-02,Fiction,East,Student,11,7.85,0.28,62.17
2024-02-23,Fiction,North,Regular,12,81.67,0.28,705.63
2024-01-26,Fiction,West,Student,2,55.72,0.3,78.01
2024-11-01,Children's,North,Regular,10,45.72,0.28,329.18
2024-08-15,Non-Fiction,West,Regular,11,73.37,0.27,589.16
2024-07-15,Textbooks,East,Regular,7,70.04,0.14,421.64
2024-09-14,Textbooks,West,Regular,6,26.07,0.09,142.34
2024-11-03,Textbooks,South,Regular,10,21.81,0.01,215.92
2024-09-29,Textbooks,North,Student,1,47.53,0.07,44.2
2024-05-03,Fiction,East,Regular,7,12.39,0.04,83.26
2024-09-12,Non-Fiction,South,Regular,15,63.68,0.17,792.82
2024-11-27,Children's,West,Regular,14,39.54,0.11,492.67
2024-04-03,Non-Fiction,West,Regular,2,41.02,0.27,59.89
2024-04-13,Textbooks,West,Regular,6,56.72,0.01,336.92
2024-06-25,Fiction,East,Student,15,15.52,0.1,209.52
2024-01-01,Non-Fiction,East,Regular,1,99.09,0.1,89.18
2024-08-20,Children's,South,Regular,4,20.35,0.06,76.52
2024-10-03,Fiction,West,Student,15,97.49,0.16,1228.37
2024-11-05,Textbooks,South,Regular,6,59.76,0.01,354.97
2024-01-06,Textbooks,West,Regular,2,20.29,0.14,34.9
2024-07-19,Textbooks,South,Regular,9,84.86,0.16,641.54
2024-12-16,Fiction,East,Regular,13,37.49,0.26,360.65
2024-08-31,Fiction,South,Regular,3,73.27,0.23,169.25
2024-03-26,Fiction,East,Student,11,76.8,0.29,599.81
2024-05-27,Fiction,East,Regular,9,15.01,0.13,117.53
2024-02-17,Textbooks,East,Student,4,40.9,0.06,153.78
2024-08-02,Non-Fiction,North,Regular,6,6.79,0.25,30.56
2024-04-18,Children's,West,Student,3,29.23,0.22,68.4
2024-04-22,Non-Fiction,North,Student,11,32.6,0.05,340.67
2024-11-20,Textbooks,East,Student,10,66.87,0.23,514.9
2024-05-06,Children's,West,Student,5,95.32,0.01,471.83
2024-05-01,Non-Fiction,North,Regular,3,79.51,0.25,178.9
2024-05-30,Non-Fiction,East,Regular,4,94.42,0.12,332.36
2024-04-03,Non-Fiction,East,Regular,6,74.71,0.13,389.99
2024-08-07,Textbooks,East,Student,9,9.37,0.27,61.56
2024-12-03,Textbooks,East,Regular,6,18.05,0.3,75.81
2024-11-08,Textbooks,West,Student,13,27.26,0.03,343.75
2024-01-24,Textbooks,South,Regular,8,90.54,0.14,622.92
2024-02-27,Textbooks,East,Student,9,89.43,0.27,587.56
2024-08-24,Textbooks,South,Regular,12,45.97,0.02,540.61
2024-07-05,Fiction,West,Regular,9,88.37,0.17,660.12
2024-05-14,Non-Fiction,West,Regular,15,66.43,0.22,777.23
2024-02-18,Fiction,East,Regular,2,68.31,0.03,132.52
2024-12-20,Fiction,West,Regular,11,12.2,0.09,122.12
2024-01-30,Children's,East,Student,7,28.79,0.21,159.21
2024-01-14,Children's,West,Regular,14,37.18,0.18,426.83
2024-09-02,Textbooks,East,Student,4,64.95,0.04,249.41
2024-11-18,Children's,North,Regular,14,71.32,0.23,768.83
2024-01-09,Children's,West,Regular,5,95.95,0.1,431.78
2024-11-12,Textbooks,North,Student,9,68.64,0.13,537.45
2024-06-27,Fiction,North,Student,12,74.11,0.17,738.14
2024-02-25,Fiction,East,Student,1,39.63,0.23,30.52
2024-01-29,Children's,North,Student,10,93.4,0.15,793.9
2024-12-14,Textbooks,West,Regular,15,63.98,0.15,815.74
2024-09-08,Fiction,South,Regular,5,62.81,0.11,279.5
2024-04-18,Children's,South,Student,11,60.35,0.08,610.74
2024-01-12,Fiction,East,Student,8,30.33,0.08,223.23
2024-03-03,Children's,East,Student,14,26.75,0.06,352.03
2024-11-07,Children's,East,Regular,9,16.45,0.1,133.24
2024-08-07,Textbooks,North,Regular,6,54.98,0.16,277.1
2024-12-04,Children's,East,Regular,7,70.26,0.28,354.11
2024-05-12,Non-Fiction,North,Student,6,91.87,0.04,529.17
2024-01-25,Fiction,South,Regular,4,51.31,0.04,197.03
2024-02-26,Children's,West,Student,9,86.87,0.29,555.1
2024-12-13,Non-Fiction,South,Regular,13,58.29,0.14,651.68
2024-09-07,Textbooks,South,Regular,10,87.08,0.04,835.97
2024-10-03,Children's,East,Student,14,61.39,0.03,833.68
2024-12-25,Textbooks,South,Regular,5,25.97,0.27,94.79
2024-06-16,Textbooks,North,Regular,5,41.45,0.04,198.96
2024-07-13,Textbooks,West,Student,4,83.91,0.02,328.93
2024-08-22,Children's,South,Student,14,25.29,0.22,276.17
2024-11-14,Textbooks,West,Student,6,21.4,0.25,96.3
2024-10-19,Textbooks,South,Student,10,34.03,0.05,323.28
2024-03-27,Textbooks,North,Regular,7,69.59,0.09,443.29
2024-05-27,Children's,North,Student,12,42.85,0.07,478.21
2024-08-12,Non-Fiction,South,Regular,9,38.21,0.3,240.72
2024-03-18,Fiction,West,Regular,7,81.69,0.22,446.03
2024-10-13,Children's,East,Regular,14,83.07,0.11,1035.05
2024-04-24,Children's,West,Regular,2,27.76,0.26,41.08
2024-10-20,Fiction,East,Regular,9,24.59,0.24,168.2
2024-02-05,Non-Fiction,North,Regular,7,79.15,0.03,537.43
2024-08-04,Non-Fiction,South,Student,11,71.16,0.08,720.14
2024-11-11,Children's,South,Student,4,63.88,0.27,186.53
2024-02-14,Children's,East,Student,4,91.09,0.24,276.91
2024-10-20,Children's,West,Student,15,91.34,0.17,1137.18
2024-12-25,Fiction,East,Student,7,72.5,0.15,431.38
2024-01-21,Non-Fiction,South,Regular,10,68.09,0.29,483.44
2024-08-18,Children's,South,Student,12,18.41,0.11,196.62
2024-07-28,Textbooks,South,Student,10,50.14,0.08,461.29
2024-05-28,Children's,East,Student,14,85.99,0.18,987.17
2024-01-06,Textbooks,East,Student,12,10.02,0.21,94.99
2024-01-06,Fiction,South,Regular,11,38.96,0.28,308.56
2024-12-26,Fiction,East,Student,1,80.02,0.18,65.62
2024-01-25,Fiction,East,Regular,8,48.07,0.13,334.57
2024-05-29,Textbooks,South,Student,1,75.85,0.04,72.82
2024-09-22,Fiction,North,Regular,11,56.89,0.25,469.34
2024-01-15,Fiction,North,Student,12,84.95,0.21,805.33
2024-06-04,Textbooks,South,Regular,10,56.47,0.28,406.58
2024-07-22,Fiction,West,Regular,9,43.52,0.21,309.43
2024-12-20,Non-Fiction,West,Regular,13,31.01,0.26,298.32
2024-12-16,Children's,North,Regular,12,25.83,0.08,285.16
2024-09-24,Textbooks,West,Regular,5,73.07,0.07,339.78
2024-06-27,Children's,East,Regular,4,25.52,0.0,102.08
2024-10-01,Non-Fiction,East,Student,12,39.8,0.11,425.06
2024-08-18,Non-Fiction,West,Regular,13,43.1,0.24,425.83
2024-01-11,Textbooks,South,Regular,6,74.43,0.24,339.4
2024-03-28,Children's,East,Regular,8,87.62,0.08,644.88
2024-06-10,Children's,West,Student,2,87.19,0.27,127.3
2024-05-16,Children's,North,Regular,11,16.99,0.26,138.3
2024-04-06,Fiction,East,Regular,6,74.48,0.14,384.32
2024-07-15,Children's,North,Student,1,58.05,0.29,41.22
2024-05-24,Textbooks,East,Student,3,46.91,0.15,119.62
2024-07-10,Textbooks,East,Regular,15,13.97,0.19,169.74
2024-10-23,Non-Fiction,North,Regular,15,60.43,0.11,806.74
2024-11-26,Textbooks,East,Regular,3,22.32,0.16,56.25
2024-04-15,Fiction,North,Student,3,28.14,0.05,80.2
2024-12-26,Fiction,West,Regular,1,75.84,0.17,62.95
2024-05-29,Fiction,South,Student,12,48.3,0.07,539.03
2024-12-12,Children's,North,Regular,6,62.05,0.18,305.29
2024-08-10,Children's,North,Student,14,7.05,0.13,85.87
2024-04-27,Non-Fiction,North,Regular,10,87.15,0.04,836.64
2024-12-14,Children's,East,Regular,7,43.72,0.13,266.25
2024-08-26,Children's,South,Regular,4,55.84,0.27,163.05
2024-03-24,Children's,East,Student,9,79.74,0.15,610.01
2024-11-12,Non-Fiction,South,Regular,2,78.98,0.15,134.27
2024-10-06,Textbooks,South,Student,14,42.21,0.2,472.75
2024-01-25,Non-Fiction,South,Regular,5,59.96,0.22,233.84
2024-07-21,Textbooks,North,Student,12,39.79,0.04,458.38
2024-01-09,Textbooks,North,Student,10,11.16,0.1,100.44
2024-07-24,Fiction,South,Regular,9,52.57,0.11,421.09
2024-04-17,Fiction,West,Regular,4,83.26,0.25,249.78
2024-02-27,Textbooks,East,Regular,10,23.33,0.13,202.97
2024-08-26,Non-Fiction,West,Student,6,69.67,0.05,397.12
2024-10-12,Textbooks,East,Student,2,71.52,0.15,121.58
2024-01-14,Non-Fiction,South,Regular,13,53.98,0.23,540.34
2024-04-06,Fiction,South,Regular,2,18.43,0.17,30.59
2024-02-19,Non-Fiction,East,Regular,3,75.91,0.19,184.46
2024-03-27,Fiction,North,Student,7,36.73,0.29,182.55
2024-08-04,Non-Fiction,West,Student,14,47.32,0.11,589.61
2024-10-22,Fiction,East,Regular,6,67.31,0.17,335.2
2024-04-04,Children's,South,Regular,12,45.23,0.01,537.33
2024-05-10,Fiction,West,Student,8,44.5,0.24,270.56
2024-10-01,Non-Fiction,West,Student,14,27.1,0.1,341.46
2024-02-09,Textbooks,North,Regular,15,64.86,0.14,836.69
2024-07-20,Textbooks,South,Student,2,32.18,0.06,60.5
2024-09-10,Textbooks,North,Student,12,96.2,0.13,1004.33
2024-02-08,Non-Fiction,South,Regular,4,91.87,0.01,363.81
2024-07-02,Textbooks,East,Student,10,12.87,0.1,115.83
2024-10-10,Children's,North,Regular,6,11.41,0.26,50.66
2024-06-27,Fiction,South,Student,6,59.99,0.12,316.75
2024-08-17,Non-Fiction,East,Student,15,96.74,0.06,1364.03
2024-12-24,Fiction,North,Student,2,75.99,0.09,138.3
2024-10-02,Fiction,East,Regular,10,55.52,0.12,488.58
2024-11-01,Non-Fiction,East,Student,1,57.79,0.14,49.7
2024-11-22,Children's,East,Regular,7,70.11,0.07,456.42
2024-08-25,Children's,North,Regular,8,54.27,0.09,395.09
2024-11-14,Children's,South,Regular,14,67.73,0.26,701.68
2024-05-13,Non-Fiction,West,Regular,4,72.87,0.16,244.84
2024-08-22,Non-Fiction,East,Regular,11,39.95,0.26,325.19
2024-11-18,Fiction,West,Regular,5,68.03,0.12,299.33
2024-04-06,Children's,South,Regular,11,32.21,0.28,255.1
2024-12-29,Fiction,East,Regular,15,18.55,0.13,242.08
2024-11-22,Fiction,East,Student,13,6.95,0.06,84.93
2024-09-23,Non-Fiction,West,Student,11,94.18,0.21,818.42
2024-12-10,Fiction,West,Regular,15,51.19,0.26,568.21
2024-11-03,Textbooks,South,Regular,4,64.41,0.24,195.81
2024-08-31,Fiction,North,Student,1,29.21,0.03,28.33
2024-03-10,Textbooks,South,Student,1,33.64,0.07,31.29
2024-11-27,Fiction,East,Regular,3,79.41,0.03,231.08
2024-10-18,Children's,East,Student,3,17.16,0.14,44.27
2024-01-19,Children's,West,Student,6,40.29,0.3,169.22
2024-02-09,Non-Fiction,North,Regular,6,29.12,0.2,139.78
2024-06-03,Fiction,West,Regular,1,50.85,0.16,42.71
2024-08-11,Fiction,North,Regular,13,62.6,0.0,813.8
2024-08-30,Non-Fiction,East,Regular,10,28.86,0.3,202.02
2024-11-26,Textbooks,East,Regular,7,91.14,0.12,561.42
2024-10-21,Children's,East,Regular,4,91.54,0.19,296.59
2024-03-30,Textbooks,South,Regular,10,82.95,0.04,796.32
2024-03-25,Textbooks,North,Regular,12,72.17,0.29,614.89
2024-04-15,Children's,North,Regular,2,76.44,0.28,110.07
2024-01-27,Children's,East,Regular,7,61.33,0.23,330.57
2024-12-19,Non-Fiction,South,Student,11,78.01,0.02,840.95
2024-05-19,Fiction,North,Student,2,88.02,0.13,153.15
2024-04-27,Fiction,South,Student,9,9.42,0.24,64.43
2024-04-19,Fiction,South,Regular,6,53.84,0.09,293.97
2024-09-12,Children's,North,Student,11,43.06,0.11,421.56
2024-02-17,Textbooks,North,Regular,3,86.32,0.08,238.24
2024-10-20,Fiction,North,Student,7,78.79,0.23,424.68
2024-04-10,Children's,West,Student,8,76.33,0.29,433.55
2024-12-18,Textbooks,South,Regular,2,38.2,0.18,62.65
2024-02-21,Children's,East,Regular,12,9.4,0.27,82.34
2024-10-24,Non-Fiction,North,Regular,10,35.04,0.23,269.81
2024-09-23,Non-Fiction,South,Student,1,26.86,0.15,22.83
2024-07-31,Children's,West,Regular,10,72.44,0.18,594.01
2024-01-06,Fiction,East,Student,15,57.19,0.16,720.59
2024-08-27,Children's,East,Regular,3,27.71,0.08,76.48
2024-11-24,Textbooks,North,Student,1,46.3,0.28,33.34
2024-06-17,Textbooks,South,Regular,15,96.7,0.08,1334.46
2024-05-09,Children's,South,Regular,8,59.35,0.02,465.3
2024-05-17,Textbooks,South,Student,6,83.25,0.08,459.54
2024-01-26,Fiction,South,Regular,9,32.48,0.25,219.24
2024-10-18,Non-Fiction,North,Regular,2,93.58,0.13,162.83
2024-09-05,Children's,South,Regular,11,6.19,0.01,67.41
2024-09-22,Fiction,South,Student,4,18.07,0.21,57.1
2024-01-02,Fiction,East,Regular,13,12.63,0.27,119.86
2024-03-10,Children's,East,Regular,14,50.39,0.18,578.48
2024-08-10,Non-Fiction,East,Student,15,6.23,0.28,67.28
2024-09-02,Fiction,West,Student,9,35.26,0.15,269.74
2024-02-07,Non-Fiction,West,Student,2,28.65,0.18,46.99
2024-05-15,Non-Fiction,West,Regular,11,55.73,0.12,539.47
2024-03-06,Textbooks,North,Student,9,81.24,0.25,548.37
2024-11-23,Fiction,West,Regular,9,74.14,0.29,473.75
2024-02-17,Children's,East,Student,7,52.11,0.08,335.59
2024-12-26,Textbooks,West,Regular,7,9.75,0.17,56.65
2024-09-01,Children's,East,Student,8,90.71,0.24,551.52
2024-07-13,Fiction,East,Student,10,13.43,0.04,128.93
2024-06-22,Textbooks,North,Student,4,5.84,0.09,21.26
2024-12-14,Fiction,West,Student,13,82.27,0.17,887.69
2024-05-22,Textbooks,West,Student,3,15.24,0.3,32.0
2024-01-26,Textbooks,North,Student,13,93.97,0.11,1087.23
2024-12-15,Textbooks,East,Student,5,56.82,0.03,275.58
2024-03-12,Non-Fiction,West,Regular,6,35.26,0.19,171.36
2024-06-12,Children's,North,Student,14,10.5,0.1,132.3
2024-07-31,Fiction,East,Regular,11,86.9,0.21,755.16
2024-05-12,Children's,East,Student,13,43.81,0.16,478.41
2024-05-03,Non-Fiction,South,Student,2,38.68,0.18,63.44
2024-12-29,Textbooks,West,Regular,11,49.57,0.09,496.2
2024-12-24,Textbooks,West,Student,13,35.29,0.19,371.6
2024-02-15,Non-Fiction,South,Student,1,36.47,0.27,26.62
2024-09-07,Children's,West,Student,2,5.16,0.29,7.33
2024-11-18,Fiction,East,Student,5,60.16,0.29,213.57
2024-01-19,Children's,North,Student,11,61.74,0.24,516.15
2024-12-14,Non-Fiction,South,Regular,14,69.67,0.18,799.81
2024-05-31,Fiction,South,Student,1,5.7,0.2,4.56
2024-07-05,Children's,West,Regular,1,45.97,0.21,36.32
2024-12-10,Fiction,South,Student,14,51.79,0.21,572.8
2024-07-09,Textbooks,East,Regular,15,63.52,0.11,847.99
2024-09-08,Children's,South,Regular,10,76.99,0.06,723.71
2024-04-08,Children's,West,Student,13,51.39,0.03,648.03
2024-02-04,Textbooks,West,Student,10,38.2,0.3,267.4
2024-07-04,Textbooks,North,Regular,3,42.94,0.15,109.5
2024-10-16,Children's,West,Regular,8,32.63,0.01,258.43
2024-06-13,Fiction,South,Regular,6,5.72,0.29,24.37
2024-05-06,Non-Fiction,East,Student,8,35.84,0.09,260.92
2024-07-25,Fiction,West,Student,10,28.84,0.1,259.56
2024-05-29,Children's,South,Student,13,63.54,0.16,693.86
2024-09-26,Non-Fiction,East,Student,2,40.38,0.17,67.03
2024-10-05,Textbooks,North,Student,7,22.9,0.15,136.26
2024-06-16,Textbooks,West,Regular,8,91.48,0.09,665.97
2024-04-22,Textbooks,West,Regular,10,49.21,0.11,437.97
2024-08-17,Non-Fiction,West,Regular,4,6.55,0.08,24.1
2024-07-24,Textbooks,North,Student,7,59.22,0.26,306.76
2024-01-03,Textbooks,North,Regular,14,6.03,0.05,80.2
2024-10-18,Fiction,West,Regular,10,52.7,0.26,389.98
2024-07-26,Fiction,North,Student,5,6.51,0.07,30.27
2024-04-17,Fiction,South,Student,15,51.86,0.18,637.88
2024-10-01,Textbooks,South,Student,10,47.97,0.14,412.54
2024-07-18,Children's,South,Student,9,24.64,0.12,195.15
2024-08-12,Textbooks,North,Regular,8,25.76,0.05,195.78
2024-10-11,Children's,North,Regular,11,41.12,0.28,325.67
2024-08-07,Textbooks,East,Student,7,74.29,0.06,488.83
2024-03-01,Textbooks,East,Regular,8,50.17,0.27,292.99
2024-08-04,Children's,South,Student,8,86.81,0.12,611.14
2024-12-11,Fiction,West,Regular,12,62.89,0.25,566.01
2024-06-25,Children's,South,Regular,4,49.86,0.18,163.54
2024-11-15,Children's,East,Regular,11,38.4,0.15,359.04
2024-04-13,Fiction,West,Regular,9,65.27,0.19,475.82
2024-04-11,Non-Fiction,East,Regular,14,17.09,0.09,217.73
2024-07-30,Children's,West,Student,5,62.28,0.21,246.01
2024-08-30,Textbooks,South,Regular,13,51.33,0.19,540.5
2024-02-11,Fiction,South,Student,13,74.26,0.21,762.65
2024-07-13,Children's,North,Regular,2,38.04,0.26,56.3
2024-06-02,Fiction,South,Student,6,6.64,0.14,34.26
2024-06-30,Non-Fiction,North,Student,6,27.68,0.25,124.56
2024-02-28,Non-Fiction,West,Student,9,19.49,0.08,161.38
2024-01-17,Fiction,West,Regular,10,78.8,0.09,717.08
2024-05-29,Textbooks,North,Regular,12,95.81,0.27,839.3
2024-10-15,Non-Fiction,South,Regular,11,78.93,0.01,859.55
2024-05-16,Non-Fiction,South,Regular,13,12.49,0.24,123.4
2024-05-23,Fiction,West,Regular,4,74.62,0.09,271.62
2024-05-23,Fiction,West,Student,14,21.1,0.2,236.32
2024-03-10,Non-Fiction,North,Regular,11,81.63,0.15,763.24
2024-11-29,Non-Fiction,West,Regular,13,88.39,0.24,873.29
2024-07-13,Textbooks,South,Regular,3,19.14,0.21,45.36
2024-12-05,Textbooks,West,Student,1,62.97,0.07,58.56
2024-06-07,Fiction,West,Regular,6,19.87,0.16,100.14
2024-01-18,Fiction,South,Student,1,10.28,0.14,8.84
2024-01-16,Non-Fiction,East,Student,12,13.16,0.25,118.44
2024-01-14,Children's,West,Student,7,98.07,0.09,624.71
2024-07-30,Children's,South,Regular,13,74.4,0.2,773.76
2024-02-04,Fiction,West,Regular,10,79.02,0.17,655.87
2024-03-20,Children's,West,Regular,10,54.56,0.25,409.2
2024-01-01,Fiction,South,Regular,1,76.04,0.06,71.48
2024-01-25,Non-Fiction,South,Student,3,44.71,0.29,95.23
2024-11-23,Children's,West,Regular,1,85.77,0.15,72.9
2024-01-30,Non-Fiction,East,Student,10,72.21,0.05,685.99
2024-08-21,Non-Fiction,South,Student,14,13.37,0.08,172.21
2024-06-22,Textbooks,West,Student,8,78.14,0.06,587.61
2024-03-23,Non-Fiction,South,Regular,9,41.29,0.16,312.15
2024-09-29,Children's,North,Regular,2,87.88,0.27,128.3
2024-06-14,Textbooks,West,Regular,2,21.85,0.01,43.26
2024-12-06,Fiction,West,Regular,15,8.35,0.25,93.94
2024-08-03,Children's,West,Regular,4,61.65,0.08,226.87
2024-02-22,Non-Fiction,South,Student,15,59.54,0.06,839.51
2024-05-16,Fiction,West,Regular,13,86.22,0.28,807.02
2024-03-29,Non-Fiction,East,Regular,1,62.8,0.12,55.26
2024-09-20,Non-Fiction,West,Student,2,41.9,0.04,80.45
2024-06-30,Non-Fiction,West,Student,5,57.21,0.24,217.4
2024-10-17,Non-Fiction,East,Regular,4,94.85,0.29,269.37
2024-07-24,Textbooks,West,Student,9,62.95,0.24,430.58
2024-12-06,Children's,South,Student,3,97.56,0.04,280.97
2024-09-04,Non-Fiction,West,Student,12,92.87,0.21,880.41
2024-12-02,Textbooks,West,Student,12,89.89,0.03,1046.32
2024-12-26,Children's,North,Regular,6,49.55,0.17,246.76
2024-11-15,Children's,West,Regular,11,71.18,0.18,642.04
2024-10-24,Fiction,East,Regular,10,12.39,0.07,115.23
2024-01-17,Children's,South,Student,11,70.75,0.2,622.6
2024-01-21,Non-Fiction,East,Regular,1,92.81,0.25,69.61
2024-11-08,Fiction,South,Student,12,66.57,0.04,766.89
2024-07-06,Children's,South,Regular,3,40.38,0.25,90.86
2024-04-08,Textbooks,West,Student,14,74.95,0.27,765.99
2024-04-21,Children's,South,Regular,8,14.78,0.2,94.59
2024-08-07,Textbooks,East,Regular,15,67.16,0.11,896.59
2024-04-16,Fiction,South,Student,14,16.8,0.24,178.75
2024-05-12,Textbooks,East,Regular,3,58.96,0.25,132.66
2024-04-19,Fiction,North,Student,14,73.88,0.02,1013.63
2024-09-04,Fiction,North,Regular,1,92.05,0.14,79.16
2024-04-21,Children's,East,Student,3,67.73,0.15,172.71
2024-10-31,Fiction,North,Student,5,34.32,0.05,163.02
2024-01-22,Children's,East,Student,9,60.04,0.23,416.08
2024-01-09,Textbooks,East,Regular,11,50.84,0.14,480.95
2024-01-31,Fiction,East,Regular,13,82.33,0.17,888.34
2024-12-28,Children's,South,Regular,5,13.96,0.12,61.42
2024-03-05,Fiction,South,Regular,12,90.49,0.11,966.43
2024-02-26,Textbooks,West,Student,1,62.5,0.13,54.38
2024-06-10,Fiction,West,Student,2,28.6,0.02,56.06
2024-06-27,Textbooks,North,Regular,9,60.2,0.07,503.87
2024-11-08,Textbooks,West,Regular,14,85.51,0.21,945.74
2024-01-20,Non-Fiction,South,Student,8,6.13,0.23,37.76
2024-09-11,Children's,East,Student,9,6.75,0.06,57.1
2024-10-11,Non-Fiction,North,Student,9,13.28,0.19,96.81
2024-07-30,Non-Fiction,West,Regular,12,71.54,0.06,806.97
2024-09-29,Fiction,East,Regular,10,62.39,0.26,461.69
2024-05-03,Fiction,East,Student,9,89.3,0.26,594.74
2024-07-02,Textbooks,West,Regular,9,70.8,0.09,579.85
2024-10-15,Textbooks,East,Student,14,87.95,0.18,1009.67
2024-03-20,Non-Fiction,South,Regular,1,56.61,0.23,43.59
2024-06-12,Non-Fiction,South,Student,2,86.14,0.24,130.93
2024-10-12,Non-Fiction,West,Regular,11,91.91,0.3,707.71
2024-04-05,Non-Fiction,North,Regular,11,15.01,0.0,165.11
2024-10-05,Non-Fiction,West,Student,12,7.21,0.24,65.76
2024-12-14,Children's,North,Student,4,95.59,0.29,271.48
2024-12-13,Textbooks,East,Student,2,75.93,0.21,119.97
2024-03-27,Children's,West,Student,9,54.3,0.13,425.17
2024-12-15,Children's,North,Student,9,71.49,0.16,540.46
2024-04-17,Non-Fiction,East,Student,1,36.47,0.17,30.27
2024-11-19,Textbooks,East,Regular,4,72.52,0.3,203.06
2024-06-24,Textbooks,East,Regular,6,62.93,0.18,309.62
2024-07-03,Fiction,North,Student,12,58.2,0.29,495.86
2024-04-02,Children's,South,Student,1,17.19,0.19,13.92
2024-07-08,Fiction,North,Student,4,15.35,0.18,50.35
2024-04-15,Textbooks,West,Student,13,42.09,0.23,421.32
2024-12-28,Textbooks,South,Regular,2,79.33,0.25,119.0
2024-02-20,Textbooks,West,Regular,11,41.23,0.18,371.89
2024-04-28,Non-Fiction,South,Regular,6,55.31,0.24,252.21
2024-10-11,Fiction,North,Student,4,87.57,0.24,266.21
2024-01-29,Non-Fiction,East,Student,13,50.63,0.28,473.9
2024-11-05,Fiction,East,Regular,9,7.33,0.07,61.35
2024-01-26,Fiction,South,Regular,1,19.37,0.25,14.53
2024-06-30,Non-Fiction,West,Student,2,86.41,0.04,165.91
2024-09-12,Textbooks,North,Student,8,19.41,0.2,124.22
2024-02-02,Non-Fiction,South,Student,12,87.74,0.1,947.59
2024-02-19,Children's,East,Student,3,44.98,0.12,118.75
2024-05-12,Textbooks,South,Student,12,11.07,0.01,131.51
2024-08-17,Fiction,South,Regular,1,6.71,0.14,5.77
2024-11-10,Fiction,North,Regular,14,77.61,0.22,847.5
2024-01-16,Textbooks,West,Student,5,22.21,0.18,91.06
2024-01-04,Non-Fiction,South,Regular,1,76.71,0.15,65.2
2024-05-20,Textbooks,East,Student,14,11.3,0.1,142.38
2024-07-27,Children's,North,Regular,13,51.09,0.15,564.54
2024-09-17,Textbooks,West,Student,15,36.5,0.26,405.15
2024-04-20,Fiction,North,Student,15,82.8,0.06,1167.48
2024-03-06,Fiction,South,Student,3,45.76,0.1,123.55
2024-12-17,Non-Fiction,East,Student,10,73.53,0.05,698.54
2024-07-07,Fiction,South,Regular,7,32.46,0.19,184.05
2024-08-05,Fiction,South,Regular,2,80.85,0.28,116.42
2024-01-17,Textbooks,East,Student,3,13.58,0.19,33.0
2024-08-02,Fiction,West,Student,4,59.06,0.14,203.17
2024-08-12,Children's,West,Regular,14,26.72,0.22,291.78
2024-05-27,Children's,West,Student,6,36.23,0.17,180.43
2024-05-30,Non-Fiction,North,Regular,12,83.33,0.07,929.96
2024-10-17,Fiction,East,Student,8,66.93,0.25,401.58
2024-11-07,Non-Fiction,East,Regular,2,63.27,0.0,126.54
2024-02-10,Textbooks,East,Regular,1,72.47,0.23,55.8
2024-10-23,Fiction,South,Regular,4,15.34,0.28,44.18
2024-04-01,Non-Fiction,East,Student,13,28.97,0.21,297.52
2024-09-06,Textbooks,North,Student,11,74.58,0.02,803.97
2024-06-29,Textbooks,West,Student,4,77.27,0.19,250.35
2024-02-28,Children's,East,Student,9,90.12,0.27,592.09
2024-01-20,Children's,South,Student,7,7.97,0.15,47.42
2024-03-15,Fiction,West,Regular,11,48.56,0.12,470.06
2024-10-24,Children's,East,Student,1,89.54,0.18,73.42
2024-07-23,Non-Fiction,South,Student,12,10.59,0.15,108.02
2024-09-06,Textbooks,East,Student,9,90.6,0.18,668.63
2024-08-13,Textbooks,East,Student,6,82.21,0.3,345.28
2024-08-14,Fiction,West,Regular,4,17.33,0.29,49.22
2024-04-03,Children's,West,Regular,9,36.99,0.12,292.96
2024-06-27,Non-Fiction,East,Regular,13,25.32,0.03,319.29
2024-08-31,Fiction,South,Regular,11,47.61,0.03,508.0
2024-07-25,Textbooks,South,Student,7,75.85,0.19,430.07
2024-04-06,Textbooks,West,Regular,5,66.17,0.06,311.0
2024-01-25,Children's,North,Regular,15,96.99,0.13,1265.72
2024-09-26,Fiction,East,Student,8,63.99,0.25,383.94
2024-06-24,Children's,East,Student,10,35.36,0.11,314.7
2024-05-26,Fiction,South,Student,1,46.84,0.15,39.81
2024-08-09,Non-Fiction,East,Regular,12,34.39,0.24,313.64
2024-12-29,Fiction,West,Student,3,61.52,0.04,177.18
2024-07-09,Children's,West,Regular,6,97.16,0.15,495.52
2024-03-01,Non-Fiction,East,Regular,12,83.8,0.03,975.43
2024-07-02,Children's,South,Regular,4,33.75,0.03,130.95
2024-03-10,Non-Fiction,West,Student,6,81.65,0.01,485.0
2024-06-10,Fiction,East,Student,4,8.99,0.28,25.89
2024-09-06,Children's,West,Regular,8,86.65,0.19,561.49
2024-09-09,Children's,East,Student,11,44.06,0.02,474.97
2024-08-17,Non-Fiction,North,Regular,14,53.14,0.07,691.88
2024-05-23,Non-Fiction,North,Regular,9,50.08,0.06,423.68
2024-12-11,Children's,North,Regular,12,79.21,0.09,864.97
2024-02-20,Children's,South,Student,3,23.06,0.0,69.18
2024-02-13,Children's,South,Student,12,71.54,0.04,824.14
2024-08-21,Textbooks,South,Regular,5,63.98,0.05,303.9
2024-03-27,Non-Fiction,West,Student,14,40.09,0.25,420.94
2024-01-14,Textbooks,South,Regular,10,7.79,0.18,63.88
2024-10-15,Textbooks,South,Regular,2,28.7,0.01,56.83
2024-01-06,Children's,South,Student,15,47.76,0.28,515.81
2024-02-11,Children's,North,Student,14,63.4,0.12,781.09
2024-11-12,Fiction,North,Regular,8,32.66,0.27,190.73
2024-12-05,Children's,West,Regular,4,32.89,0.04,126.3
2024-10-20,Textbooks,North,Regular,14,99.43,0.18,1141.46
2024-03-19,Fiction,West,Student,4,58.17,0.28,167.53
2024-11-22,Fiction,North,Regular,10,84.21,0.07,783.15
2024-03-28,Textbooks,West,Student,11,87.63,0.19,780.78
2024-06-17,Textbooks,North,Student,1,97.53,0.15,82.9
2024-03-13,Non-Fiction,South,Student,14,44.4,0.12,547.01
2024-12-06,Children's,North,Regular,5,82.8,0.17,343.62
2024-05-10,Textbooks,West,Regular,8,28.77,0.12,202.54
2024-11-09,Children's,North,Student,9,88.12,0.29,563.09
2024-11-20,Children's,South,Student,1,93.76,0.15,79.7
2024-09-22,Non-Fiction,West,Regular,2,15.61,0.26,23.1
2024-05-09,Fiction,South,Student,10,81.21,0.01,803.98
2024-04-07,Fiction,West,Student,1,13.03,0.03,12.64
2024-07-05,Fiction,North,Student,10,85.18,0.13,741.07
2024-10-25,Children's,West,Student,13,96.57,0.09,1142.42
2024-05-30,Textbooks,West,Student,4,18.56,0.27,54.2
2024-03-14,Children's,East,Regular,11,93.34,0.12,903.53
2024-05-14,Fiction,South,Student,9,40.69,0.22,285.64
2024-08-04,Textbooks,South,Regular,12,85.67,0.23,791.59
2024-07-13,Textbooks,West,Student,7,80.34,0.21,444.28
2024-08-10,Fiction,West,Regular,14,35.17,0.29,349.59
2024-05-11,Textbooks,North,Student,11,63.48,0.08,642.42
2024-05-16,Textbooks,West,Regular,2,16.55,0.18,27.14
2024-03-15,Non-Fiction,South,Regular,9,81.52,0.23,564.93
2024-10-09,Children's,South,Regular,6,33.1,0.11,176.75
2024-01-02,Fiction,West,Student,7,60.67,0.22,331.26
2024-06-02,Children's,South,Regular,12,83.81,0.2,804.58
2024-05-18,Children's,South,Student,11,90.99,0.19,810.72
2024-07-22,Non-Fiction,South,Regular,9,88.99,0.21,632.72
2024-11-23,Fiction,West,Student,15,25.41,0.22,297.3
2024-06-09,Children's,West,Student,15,45.34,0.21,537.28
